Job Title,Company Name,Location,Link
Python Developer,Algoscale,"Noida, Uttar Pradesh, India",https://www.linkedin.com/jobs/view/3542557618/?eBP=JOB_SEARCH_ORGANIC&recommendedFlavor=ACTIVELY_HIRING_COMPANY&refId=3ahH5cT3yA7WnphpjnhKAw%3D%3D&trackingId=ikh3G7Wx6NtsdyCLXV1e%2BQ%3D%3D&trk=flagship3_search_srp_jobs
Flutter Developer,SkillRecruitâ„¢,"Ahmedabad, Gujarat, India",https://www.linkedin.com/jobs/view/3533209542/?eBP=CwEAAAGHJ3BCIOBkgYYUu9CyT7Y-iExV811epS1amdmruP6M1yrn0zjLusXvZMz94DM12i9SyJp81Ylt6TLcaKeV5nseJsLiC3ww0iqW1RdC5m-vK682FJZQ1GmteFoi5X2m2DdDmjZaoZf5peK3hYnJyR51ftIGg32pSAvXxxutgfMMPkSqt2OE9vVQcitlRKAz4oLg0KlaGPelIQFM3SeVDS-UrR6dIwRl5ZvLxLc-yrGh8VNATEc-QTGiqmhIW69sDMbcj5J9_vl1QyWPd5N7EVLWJq0MTA1Jj9GEp7OiLrF3-QhD7-Ok2MHuBRTpSgwPDxdWZxiyoyXXGUpQ7EO6TU8_DzwSoqk&recommendedFlavor=ACTIVELY_HIRING_COMPANY&refId=3ahH5cT3yA7WnphpjnhKAw%3D%3D&trackingId=KqoYYAgbeEBk8JDwNcB7XA%3D%3D&trk=flagship3_search_srp_jobs
Appian Developer,LTI - Larsen & Toubro Infotech,"Bengaluru, Karnataka, India",https://www.linkedin.com/jobs/view/3501210247/?eBP=CwEAAAGHJ3BCILmtv-b4Xj_QeUFVSTx0WXqgMpkC8x71hKzx9TQna4d7TeodeNKTSvFicYRay9bXryD-HbS4J_OmcgLp3_Vp1kzMIpi2VigVDNawpO01K9F6nAZfNRo4_C7RAwiiaBmBOC5sLTXP3bgGMLnxePvjrAqP7p0ShBX5q_hf7TwNXk61Cz2nBCjsa2EUvKujKOap6_i9uBjcG4_u3knYAAmwwKQvuRHupuXYofGx3lwlL4lERgszXzebola3ZAu9yUyOOr2mp1ct1BABtyIM_GFagl2YD09EIb9dmVT-9yyS1U1BrPOQ6QbM3CO2veZIzGEbaf67iUlVTU_cOE8inkQx8wc&recommendedFlavor=ACTIVELY_HIRING_COMPANY&refId=3ahH5cT3yA7WnphpjnhKAw%3D%3D&trackingId=vG%2FvNb4AZba8k7NQT%2BHGMA%3D%3D&trk=flagship3_search_srp_jobs
Python Developer,HCLTech,"Kolkata, West Bengal, India",https://www.linkedin.com/jobs/view/3542595723/?eBP=JOB_SEARCH_ORGANIC&recommendedFlavor=ACTIVELY_HIRING_COMPANY&refId=3ahH5cT3yA7WnphpjnhKAw%3D%3D&trackingId=CUkM8jIlgzEz9gntZKxyHQ%3D%3D&trk=flagship3_search_srp_jobs
Appian Developer,LTIMindtree,Greater Bengaluru Area,https://www.linkedin.com/jobs/view/3461619360/?eBP=CwEAAAGHJ3BCIPxc-qsNChmcz1RS109daP1of31ZU8uhHlBfVLbhiwDDwQJjivZF1Skrf4R9F2G9BtWnBxqyokiMDGqCIKys1wGloLDyOVg11X-D2s3MC9MpF-jm2hvGXojHl4v4Kt0YBfrDpFE-ihXAJrLjtbLVeMJ0Xr-alDIsjKabk_BXBLRp4n2KokyIo0W2pMUA2EQXS-pGdt2cHmWKZUeVbWD9wJPppoDORkpwceniMaB2GEBin3aN7toaBlCSVPkiAZ-Na6GpVs_Bsc537TlNmObt850yOhOwqn19QMyB3cXyZsZrb_CcrP2jpw7nf6O2H0kfVgP6Ca7H2af_OwHCv1FKXjA&recommendedFlavor=ACTIVELY_HIRING_COMPANY&refId=3ahH5cT3yA7WnphpjnhKAw%3D%3D&trackingId=OGlMHqryHTvWwq11%2FuJXSg%3D%3D&trk=flagship3_search_srp_jobs
Principal Software Engineer,Cadence Design Systems,"Noida, Uttar Pradesh, India",https://www.linkedin.com/jobs/view/3442493393/?eBP=CwEAAAGHJ3BCIIRMGiM8xK7l7eBre5lyzfFxn11RnrtrI-8kQ-KvDaCrv4E-EQjb-D1PTTbd4Nz351ZDNTwP07YifDzYuFl-yMGwwIVPzRFoY63KzQ7OOZC4lY4JDbp20pMUfY8DpT1Yf9s953AZAwfzOZ0B3W2sHUWUfwqORWYabddhrmH716M0UPGBWpYl3WhqfgXnlm8u9fINrhwZ_u0p8RWAGo0emKit-2eUaOUeJoIVVZiObJZPTsJiwlpQPMuvOX5VxKj3jYuQaQyl_fZYUqywqgR3zdad9q6Yn_yDe4BS5VUZESbKjLmOhIpT0fkcZENfjFcahx9eaV6YVetJF29PQxu1f2RootWNXarTgsWEWd6Kcgl9qDax3Ck15F190RCho8w&recommendedFlavor=SCHOOL_RECRUIT&refId=3ahH5cT3yA7WnphpjnhKAw%3D%3D&trackingId=Yw0cq6rWcJnRCdsSJUcLTg%3D%3D&trk=flagship3_search_srp_jobs
Staff Software Engineer,Teladoc Health,"Mumbai, Maharashtra, India",https://www.linkedin.com/jobs/view/3529589958/?eBP=CwEAAAGHJ3BCINIQvhJHsGxUq37ntHBXum_Mj-UB7qNQD0nMXf4XP-hf03et71cUS-vVmS3dkJFe6w41BXOlQxeM-LY804_RWLfKkO5uJyqFCzqXOvDAO12DRL7etDKBKb4PWllLbnQkyqmo_zpgKNxkmGc_q_8ML9pKt3EbZJBT_p_4tFCDrlT1k-Mzj5vUi3O8nCZFWsY_4rD8C9gxEUKeqyt7XjiYBJUotcK2994hvFYbSpcI-9yJql9haAKCht0A2N0vP_SBI_1ci_D9Tb-AfYlD2kZCzgFhqhHFLIHoNh1nPZHmrBofmC9FUe-gOa1jPxAnRzWtlPC2pJN4XB7tjmMFzVeQzck&recommendedFlavor=ACTIVELY_HIRING_COMPANY&refId=3ahH5cT3yA7WnphpjnhKAw%3D%3D&trackingId=biHSAQdWSvIBN7%2BbEP2ZYw%3D%3D&trk=flagship3_search_srp_jobs
Staff Software Engineer,Teladoc Health,"Mumbai, Maharashtra, India",https://www.linkedin.com/jobs/view/3529589958/?eBP=CwEAAAGHJ3BCINIQvhJHsGxUq37ntHBXum_Mj-UB7qNQD0nMXf4XP-hf03et71cUS-vVmS3dkJFe6w41BXOlQxeM-LY804_RWLfKkO5uJyqFCzqXOvDAO12DRL7etDKBKb4PWllLbnQkyqmo_zpgKNxkmGc_q_8ML9pKt3EbZJBT_p_4tFCDrlT1k-Mzj5vUi3O8nCZFWsY_4rD8C9gxEUKeqyt7XjiYBJUotcK2994hvFYbSpcI-9yJql9haAKCht0A2N0vP_SBI_1ci_D9Tb-AfYlD2kZCzgFhqhHFLIHoNh1nPZHmrBofmC9FUe-gOa1jPxAnRzWtlPC2pJN4XB7tjmMFzVeQzck&recommendedFlavor=ACTIVELY_HIRING_COMPANY&refId=3ahH5cT3yA7WnphpjnhKAw%3D%3D&trackingId=biHSAQdWSvIBN7%2BbEP2ZYw%3D%3D&trk=flagship3_search_srp_jobs
Staff Software Engineer,Teladoc Health,"Mumbai, Maharashtra, India",https://www.linkedin.com/jobs/view/3529589958/?eBP=CwEAAAGHJ3BCINIQvhJHsGxUq37ntHBXum_Mj-UB7qNQD0nMXf4XP-hf03et71cUS-vVmS3dkJFe6w41BXOlQxeM-LY804_RWLfKkO5uJyqFCzqXOvDAO12DRL7etDKBKb4PWllLbnQkyqmo_zpgKNxkmGc_q_8ML9pKt3EbZJBT_p_4tFCDrlT1k-Mzj5vUi3O8nCZFWsY_4rD8C9gxEUKeqyt7XjiYBJUotcK2994hvFYbSpcI-9yJql9haAKCht0A2N0vP_SBI_1ci_D9Tb-AfYlD2kZCzgFhqhHFLIHoNh1nPZHmrBofmC9FUe-gOa1jPxAnRzWtlPC2pJN4XB7tjmMFzVeQzck&recommendedFlavor=ACTIVELY_HIRING_COMPANY&refId=3ahH5cT3yA7WnphpjnhKAw%3D%3D&trackingId=biHSAQdWSvIBN7%2BbEP2ZYw%3D%3D&trk=flagship3_search_srp_jobs
Staff Software Engineer,Teladoc Health,"Mumbai, Maharashtra, India",https://www.linkedin.com/jobs/view/3529589958/?eBP=CwEAAAGHJ3BCINIQvhJHsGxUq37ntHBXum_Mj-UB7qNQD0nMXf4XP-hf03et71cUS-vVmS3dkJFe6w41BXOlQxeM-LY804_RWLfKkO5uJyqFCzqXOvDAO12DRL7etDKBKb4PWllLbnQkyqmo_zpgKNxkmGc_q_8ML9pKt3EbZJBT_p_4tFCDrlT1k-Mzj5vUi3O8nCZFWsY_4rD8C9gxEUKeqyt7XjiYBJUotcK2994hvFYbSpcI-9yJql9haAKCht0A2N0vP_SBI_1ci_D9Tb-AfYlD2kZCzgFhqhHFLIHoNh1nPZHmrBofmC9FUe-gOa1jPxAnRzWtlPC2pJN4XB7tjmMFzVeQzck&recommendedFlavor=ACTIVELY_HIRING_COMPANY&refId=3ahH5cT3yA7WnphpjnhKAw%3D%3D&trackingId=biHSAQdWSvIBN7%2BbEP2ZYw%3D%3D&trk=flagship3_search_srp_jobs
Staff Software Engineer,Teladoc Health,"Mumbai, Maharashtra, India",https://www.linkedin.com/jobs/view/3529589958/?eBP=CwEAAAGHJ3BCINIQvhJHsGxUq37ntHBXum_Mj-UB7qNQD0nMXf4XP-hf03et71cUS-vVmS3dkJFe6w41BXOlQxeM-LY804_RWLfKkO5uJyqFCzqXOvDAO12DRL7etDKBKb4PWllLbnQkyqmo_zpgKNxkmGc_q_8ML9pKt3EbZJBT_p_4tFCDrlT1k-Mzj5vUi3O8nCZFWsY_4rD8C9gxEUKeqyt7XjiYBJUotcK2994hvFYbSpcI-9yJql9haAKCht0A2N0vP_SBI_1ci_D9Tb-AfYlD2kZCzgFhqhHFLIHoNh1nPZHmrBofmC9FUe-gOa1jPxAnRzWtlPC2pJN4XB7tjmMFzVeQzck&recommendedFlavor=ACTIVELY_HIRING_COMPANY&refId=3ahH5cT3yA7WnphpjnhKAw%3D%3D&trackingId=biHSAQdWSvIBN7%2BbEP2ZYw%3D%3D&trk=flagship3_search_srp_jobs
Staff Software Engineer,Teladoc Health,"Mumbai, Maharashtra, India",https://www.linkedin.com/jobs/view/3529589958/?eBP=CwEAAAGHJ3BCINIQvhJHsGxUq37ntHBXum_Mj-UB7qNQD0nMXf4XP-hf03et71cUS-vVmS3dkJFe6w41BXOlQxeM-LY804_RWLfKkO5uJyqFCzqXOvDAO12DRL7etDKBKb4PWllLbnQkyqmo_zpgKNxkmGc_q_8ML9pKt3EbZJBT_p_4tFCDrlT1k-Mzj5vUi3O8nCZFWsY_4rD8C9gxEUKeqyt7XjiYBJUotcK2994hvFYbSpcI-9yJql9haAKCht0A2N0vP_SBI_1ci_D9Tb-AfYlD2kZCzgFhqhHFLIHoNh1nPZHmrBofmC9FUe-gOa1jPxAnRzWtlPC2pJN4XB7tjmMFzVeQzck&recommendedFlavor=ACTIVELY_HIRING_COMPANY&refId=3ahH5cT3yA7WnphpjnhKAw%3D%3D&trackingId=biHSAQdWSvIBN7%2BbEP2ZYw%3D%3D&trk=flagship3_search_srp_jobs
Staff Software Engineer,Teladoc Health,"Mumbai, Maharashtra, India",https://www.linkedin.com/jobs/view/3529589958/?eBP=CwEAAAGHJ3BCINIQvhJHsGxUq37ntHBXum_Mj-UB7qNQD0nMXf4XP-hf03et71cUS-vVmS3dkJFe6w41BXOlQxeM-LY804_RWLfKkO5uJyqFCzqXOvDAO12DRL7etDKBKb4PWllLbnQkyqmo_zpgKNxkmGc_q_8ML9pKt3EbZJBT_p_4tFCDrlT1k-Mzj5vUi3O8nCZFWsY_4rD8C9gxEUKeqyt7XjiYBJUotcK2994hvFYbSpcI-9yJql9haAKCht0A2N0vP_SBI_1ci_D9Tb-AfYlD2kZCzgFhqhHFLIHoNh1nPZHmrBofmC9FUe-gOa1jPxAnRzWtlPC2pJN4XB7tjmMFzVeQzck&recommendedFlavor=ACTIVELY_HIRING_COMPANY&refId=3ahH5cT3yA7WnphpjnhKAw%3D%3D&trackingId=biHSAQdWSvIBN7%2BbEP2ZYw%3D%3D&trk=flagship3_search_srp_jobs
Staff Software Engineer,Teladoc Health,"Mumbai, Maharashtra, India",https://www.linkedin.com/jobs/view/3529589958/?eBP=CwEAAAGHJ3BCINIQvhJHsGxUq37ntHBXum_Mj-UB7qNQD0nMXf4XP-hf03et71cUS-vVmS3dkJFe6w41BXOlQxeM-LY804_RWLfKkO5uJyqFCzqXOvDAO12DRL7etDKBKb4PWllLbnQkyqmo_zpgKNxkmGc_q_8ML9pKt3EbZJBT_p_4tFCDrlT1k-Mzj5vUi3O8nCZFWsY_4rD8C9gxEUKeqyt7XjiYBJUotcK2994hvFYbSpcI-9yJql9haAKCht0A2N0vP_SBI_1ci_D9Tb-AfYlD2kZCzgFhqhHFLIHoNh1nPZHmrBofmC9FUe-gOa1jPxAnRzWtlPC2pJN4XB7tjmMFzVeQzck&recommendedFlavor=ACTIVELY_HIRING_COMPANY&refId=3ahH5cT3yA7WnphpjnhKAw%3D%3D&trackingId=biHSAQdWSvIBN7%2BbEP2ZYw%3D%3D&trk=flagship3_search_srp_jobs
Staff Software Engineer,Teladoc Health,"Mumbai, Maharashtra, India",https://www.linkedin.com/jobs/view/3529589958/?eBP=CwEAAAGHJ3BCINIQvhJHsGxUq37ntHBXum_Mj-UB7qNQD0nMXf4XP-hf03et71cUS-vVmS3dkJFe6w41BXOlQxeM-LY804_RWLfKkO5uJyqFCzqXOvDAO12DRL7etDKBKb4PWllLbnQkyqmo_zpgKNxkmGc_q_8ML9pKt3EbZJBT_p_4tFCDrlT1k-Mzj5vUi3O8nCZFWsY_4rD8C9gxEUKeqyt7XjiYBJUotcK2994hvFYbSpcI-9yJql9haAKCht0A2N0vP_SBI_1ci_D9Tb-AfYlD2kZCzgFhqhHFLIHoNh1nPZHmrBofmC9FUe-gOa1jPxAnRzWtlPC2pJN4XB7tjmMFzVeQzck&recommendedFlavor=ACTIVELY_HIRING_COMPANY&refId=3ahH5cT3yA7WnphpjnhKAw%3D%3D&trackingId=biHSAQdWSvIBN7%2BbEP2ZYw%3D%3D&trk=flagship3_search_srp_jobs
Staff Software Engineer,Teladoc Health,"Mumbai, Maharashtra, India",https://www.linkedin.com/jobs/view/3529589958/?eBP=CwEAAAGHJ3BCINIQvhJHsGxUq37ntHBXum_Mj-UB7qNQD0nMXf4XP-hf03et71cUS-vVmS3dkJFe6w41BXOlQxeM-LY804_RWLfKkO5uJyqFCzqXOvDAO12DRL7etDKBKb4PWllLbnQkyqmo_zpgKNxkmGc_q_8ML9pKt3EbZJBT_p_4tFCDrlT1k-Mzj5vUi3O8nCZFWsY_4rD8C9gxEUKeqyt7XjiYBJUotcK2994hvFYbSpcI-9yJql9haAKCht0A2N0vP_SBI_1ci_D9Tb-AfYlD2kZCzgFhqhHFLIHoNh1nPZHmrBofmC9FUe-gOa1jPxAnRzWtlPC2pJN4XB7tjmMFzVeQzck&recommendedFlavor=ACTIVELY_HIRING_COMPANY&refId=3ahH5cT3yA7WnphpjnhKAw%3D%3D&trackingId=biHSAQdWSvIBN7%2BbEP2ZYw%3D%3D&trk=flagship3_search_srp_jobs
Staff Software Engineer,Teladoc Health,"Mumbai, Maharashtra, India",https://www.linkedin.com/jobs/view/3529589958/?eBP=CwEAAAGHJ3BCINIQvhJHsGxUq37ntHBXum_Mj-UB7qNQD0nMXf4XP-hf03et71cUS-vVmS3dkJFe6w41BXOlQxeM-LY804_RWLfKkO5uJyqFCzqXOvDAO12DRL7etDKBKb4PWllLbnQkyqmo_zpgKNxkmGc_q_8ML9pKt3EbZJBT_p_4tFCDrlT1k-Mzj5vUi3O8nCZFWsY_4rD8C9gxEUKeqyt7XjiYBJUotcK2994hvFYbSpcI-9yJql9haAKCht0A2N0vP_SBI_1ci_D9Tb-AfYlD2kZCzgFhqhHFLIHoNh1nPZHmrBofmC9FUe-gOa1jPxAnRzWtlPC2pJN4XB7tjmMFzVeQzck&recommendedFlavor=ACTIVELY_HIRING_COMPANY&refId=3ahH5cT3yA7WnphpjnhKAw%3D%3D&trackingId=biHSAQdWSvIBN7%2BbEP2ZYw%3D%3D&trk=flagship3_search_srp_jobs
Staff Software Engineer,Teladoc Health,"Mumbai, Maharashtra, India",https://www.linkedin.com/jobs/view/3529589958/?eBP=CwEAAAGHJ3BCINIQvhJHsGxUq37ntHBXum_Mj-UB7qNQD0nMXf4XP-hf03et71cUS-vVmS3dkJFe6w41BXOlQxeM-LY804_RWLfKkO5uJyqFCzqXOvDAO12DRL7etDKBKb4PWllLbnQkyqmo_zpgKNxkmGc_q_8ML9pKt3EbZJBT_p_4tFCDrlT1k-Mzj5vUi3O8nCZFWsY_4rD8C9gxEUKeqyt7XjiYBJUotcK2994hvFYbSpcI-9yJql9haAKCht0A2N0vP_SBI_1ci_D9Tb-AfYlD2kZCzgFhqhHFLIHoNh1nPZHmrBofmC9FUe-gOa1jPxAnRzWtlPC2pJN4XB7tjmMFzVeQzck&recommendedFlavor=ACTIVELY_HIRING_COMPANY&refId=3ahH5cT3yA7WnphpjnhKAw%3D%3D&trackingId=biHSAQdWSvIBN7%2BbEP2ZYw%3D%3D&trk=flagship3_search_srp_jobs
